Workbook

Sheet Sales_Data
A1: Date | B1: Region | C1: Product | D1: Qty | E1: Amount | F1: category | H1: Count of North | I1: Total North Amoumt | J1: Price(vlookup) | K1: price(xlookup)
A2: 46266 | B2: North | C2: Laptop | D2: 2 | E2: 100000 | F2: =IF(E2>20000,"High","Low") -> High | H2: =COUNTIF(B2:B13,"north") -> 3 | I2: =SUMIF(B2:B13,"north",E2:E13) -> 128000 | J2: =VLOOKUP(C2,price_list!$A$2:$B$6,2,FALSE) -> 50000 | K2: {=_xlfn.xlookup(C2,price_list!$A$2:$A$6,price_list!$B$2:$B$6,"NotFind")} -> 50000
A3: 46271 | B3: South | C3: Laptop | D3: 1 | E3: 50000 | F3: =IF(E3>20000,"High","Low") -> High | H3: =COUNTIF(B3:B14,"north") -> 2 | I3: =SUMIF(B3:B14,"north",E3:E14) -> 28000 | J3: =VLOOKUP(C3,price_list!$A$2:$B$6,2,FALSE) -> 50000 | K3: {=_xlfn.xlookup(C3,price_list!$A$2:$A$6,price_list!$B$2:$B$6,"NotFind")} -> 50000
A4: 46276 | B4: East | C4: Laptop | D4: 1 | E4: 50000 | F4: =IF(E4>20000,"High","Low") -> High | H4: =COUNTIF(B4:B15,"north") -> 2 | I4: =SUMIF(B4:B15,"north",E4:E15) -> 28000 | J4: =VLOOKUP(C4,price_list!$A$2:$B$6,2,FALSE) -> 50000 | K4: {=_xlfn.xlookup(C4,price_list!$A$2:$A$6,price_list!$B$2:$B$6,"NotFind")} -> 50000
A5: 46269 | B5: West | C5: Monitor | D5: 3 | E5: 36000 | F5: =IF(E5>20000,"High","Low") -> High | H5: =COUNTIF(B5:B16,"north") -> 2 | I5: =SUMIF(B5:B16,"north",E5:E16) -> 28000 | J5: =VLOOKUP(C5,price_list!$A$2:$B$6,2,FALSE) -> 12000 | K5: {=_xlfn.xlookup(C5,price_list!$A$2:$A$6,price_list!$B$2:$B$6,"NotFind")} -> 12000
A6: 46272 | B6: East | C6: Monitor | D6: 2 | E6: 24000 | F6: =IF(E6>20000,"High","Low") -> High | H6: =COUNTIF(B6:B17,"north") -> 2 | I6: =SUMIF(B6:B17,"north",E6:E17) -> 28000 | J6: =VLOOKUP(C6,price_list!$A$2:$B$6,2,FALSE) -> 12000 | K6: {=_xlfn.xlookup(C6,price_list!$A$2:$A$6,price_list!$B$2:$B$6,"NotFind")} -> 12000
A7: 46275 | B7: South | C7: Printer | D7: 3 | E7: 24000 | F7: =IF(E7>20000,"High","Low") -> High | H7: =COUNTIF(B7:B18,"north") -> 2 | I7: =SUMIF(B7:B18,"north",E7:E18) -> 28000 | J7: =VLOOKUP(C7,price_list!$A$2:$B$6,2,FALSE) -> 8000 | K7: {=_xlfn.xlookup(C7,price_list!$A$2:$A$6,price_list!$B$2:$B$6,"NotFind")} -> 8000
A8: 46270 | B8: North | C8: Printer | D8: 2 | E8: 16000 | F8: =IF(E8>20000,"High","Low") -> Low | H8: =COUNTIF(B8:B19,"north") -> 2 | I8: =SUMIF(B8:B19,"north",E8:E19) -> 28000 | J8: =VLOOKUP(C8,price_list!$A$2:$B$6,2,FALSE) -> 8000 | K8: {=_xlfn.xlookup(C8,price_list!$A$2:$A$6,price_list!$B$2:$B$6,"NotFind")} -> 8000
A9: 46274 | B9: North | C9: Keyboard | D9: 8 | E9: 12000 | F9: =IF(E9>20000,"High","Low") -> Low | H9: =COUNTIF(B9:B20,"north") -> 1 | I9: =SUMIF(B9:B20,"north",E9:E20) -> 12000 | J9: =VLOOKUP(C9,price_list!$A$2:$B$6,2,FALSE) -> 1500 | K9: {=_xlfn.xlookup(C9,price_list!$A$2:$A$6,price_list!$B$2:$B$6,"NotFind")} -> 1500
A10: 46273 | B10: West | C10: Mouse | D10: 20 | E10: 10000 | F10: =IF(E10>20000,"High","Low") -> Low | H10: =COUNTIF(B10:B21,"north") -> 0 | I10: =SUMIF(B10:B21,"north",E10:E21) -> 0 | J10: =VLOOKUP(C10,price_list!$A$2:$B$6,2,FALSE) -> 500 | K10: {=_xlfn.xlookup(C10,price_list!$A$2:$A$6,price_list!$B$2:$B$6,"NotFind")} -> 500
A11: 46268 | B11: East | C11: Keyboard | D11: 5 | E11: 7500 | F11: =IF(E11>20000,"High","Low") -> Low | H11: =COUNTIF(B11:B22,"north") -> 0 | I11: =SUMIF(B11:B22,"north",E11:E22) -> 0 | J11: =VLOOKUP(C11,price_list!$A$2:$B$6,2,FALSE) -> 1500 | K11: {=_xlfn.xlookup(C11,price_list!$A$2:$A$6,price_list!$B$2:$B$6,"NotFind")} -> 1500
A12: 46277 | B12: West | C12: Keyboard | D12: 4 | E12: 6000 | F12: =IF(E12>20000,"High","Low") -> Low | H12: =COUNTIF(B12:B23,"north") -> 0 | I12: =SUMIF(B12:B23,"north",E12:E23) -> 0 | J12: =VLOOKUP(C12,price_list!$A$2:$B$6,2,FALSE) -> 1500 | K12: {=_xlfn.xlookup(C12,price_list!$A$2:$A$6,price_list!$B$2:$B$6,"NotFind")} -> 1500
A13: 46267 | B13: South | C13: Mouse | D13: 10 | E13: 5000 | F13: =IF(E13>20000,"High","Low") -> Low | H13: =COUNTIF(B13:B24,"north") -> 0 | I13: =SUMIF(B13:B24,"north",E13:E24) -> 0 | J13: =VLOOKUP(C13,price_list!$A$2:$B$6,2,FALSE) -> 500 | K13: {=_xlfn.xlookup(C13,price_list!$A$2:$A$6,price_list!$B$2:$B$6,"NotFind")} -> 500

Sheet Pivot Table 1

Sheet price_list
A1: product | B1: price
A2: laptop | B2: 50000
A3: Mouse | B3: 500
A4: Keyboard | B4: 1500
A5: Monitor | B5: 12000
A6: Printer | B6: 8000
